USE BanksDb

INSERT Banks VALUES
('Belarusbank'),
('Priorbank'),
('AlfaBank'),
('BelAgroPromBank'),
('IdeaBank'),
('ChestnyiBank')

INSERT Locations VALUES
('Minsk'),
('Brest'),
('Mogilev'),
('Vitebsk'),
('Gomel'),
('Grodno'),
('Baranovichi'),
('New York')

INSERT BanksLocations VALUES
(1,1),
(6,2),
(3,5),
(5,4),
(3,8),
(2,6),
(2,1),
(4,3),
(4,8),
(1,7),
(5,7)

INSERT SocialStatuses VALUES
('Pensioner'),
('Student'),
('Combat veteran'),
('Disabled')

INSERT Clients VALUES
('Ivan', 'Ivanov', 1),
('Petr', 'Petrov', 2),
('Nikolay', 'Nikolaev', 3),
('Nudazhe', 'Neznayu', 4),
('Maksim', 'Maksimov', 3),
('Maria', 'Marievna', 2),
('Natalia', 'Natalievna', 1),
('Alina', 'Alinovna', 2)

INSERT Accounts VALUES
('40702810680060657001', 1, 1000, 8),
('40603810450000000005', 2, 3452, 7),
('40102810845370000005', 3, 31545, 6),
('40802810657000546001', 4, 4564, 5),
('40702840000000001221', 5, 34524, 4),
('40702156020000000145', 6, 23445, 3),
('40702978510000000001', 2, 32344, 2),
('40801810600000200007', 6, 4244, 1),
('34533483549930503534', 5, 4356, 8),
('32414353453900963456', 4, 3434, 7),
('13534367559030504404', 3, 465, 5)

INSERT Cards VALUES
('4356575686754355', 2342, '40702810680060657001'),
('2438423060294844', 4556, '40702810680060657001'),
('6324453465577789', 345, '40603810450000000005'),
('3423464564575675', 234, '40802810657000546001'),
('4555898948958895', 2342, '40801810600000200007'),
('2189328952875875', 1, '32414353453900963456'),
('5485483485989348', 3453, '40802810657000546001'),
('4233585895985389', 2423, '13534367559030504404'),
('3453453453453453', 1134, '40702840000000001221'),
('2342342342342345', 1345, '40801810600000200007'),
('4564564656786676', 3333, '32414353453900963456'),
('2543645645624234', 34555, '13534367559030504404'),
('5645634553534534', 1345, '13534367559030504404'),
('6767676436353455', 33333, '40702810680060657001'),
('4345645640969040', 645, '13534367559030504404')
